{
  "中和节": "02-02", 
  "中秋节": "08-15", 
  "中元节": "07-15", 
  "端午节": "05-05", 
  "春节": "01-01", 
  "元宵节": "01-15", 
  "重阳节": "09-09", 
  "7夕节": "07-07",
  "初1节": "01-01",
  "初2节": "01-02",
  "初3节": "01-03",
  "初4节": "01-04",
  "初5节": "01-05",
  "初6节": "01-06",
  "初7节": "01-07",
  "初8节": "01-08",
  "初9节": "01-09",
  "初10节": "01-10",
  "初11节": "01-11",
  "初12节": "01-12",
  "初13节": "01-13",
  "初14节": "01-14",
  "初15节": "01-15"
}
